{"cameraMode":{"drawMode":0,"name":"Shaded","section":"Shading Mode"},"sceneLighting":true,"audioPlay":false,"sceneViewState":{"m_AlwaysRefresh":false,"showFog":true,"showSkybox":true,"showFlares":true,"showImageEffects":true,"showParticleSystems":true,"showVisualEffectGraphs":true,"m_FxEnabled":true},"in2DMode":false,"pivot":{"x":14.024101257324219,"y":2.4878435134887697,"z":0.4344329833984375},"rotation":{"x":-0.011983020231127739,"y":-0.052472297102212909,"z":-0.0006298320950008929,"w":0.998550295829773},"size":11.38973331451416,"orthographic":false}